slug,name,price,stock,sku,compare_at_price,category,collections,color,color_family,color_hex,fabric,description,story,length,width,blouse,zari,weight,weave,care,featured,new_arrival
kanchipuram-ruby-zari-silk-saree,Kanchipuram Ruby Zari Silk Saree,18500,4,SKS-KAN-001,,kanchipuram,"kanchipuram, new-arrivals",Ruby Red,red,#9B1B30,Pure Mulberry Silk,"Deep ruby meets antique gold in a timeless silk composition, framed by a traditional zari border drawn from South Indian architectural motifs.","The body carries an even scatter of lotus buttas, each one lifted in gold against a saturated ruby ground. Along the selvedge, a contrast border steps inward in the manner of a temple cornice, and the pallu closes the drape with a sequence of broad and fine zari courses. A saree built for the occasions that ask for weight and presence.",6.3 metres including blouse piece,48 inches,0.8 metre contrast blouse piece attached,Half-fine gold zari,Approx. 750 g,Traditional Kanchipuram handloom technique,Dry clean only. Store folded in cotton muslin.,yes,yes
temple-border-crimson-silk,Temple Border Crimson Silk,12500,7,SKS-KAN-002,,kanchipuram,kanchipuram,Crimson,red,#B01E2E,Pure Mulberry Silk,"A crimson drape edged with the stepped temple border that gives the weave its name — restrained on the body, decisive at the selvedge.","The temple border, or thazhampoo rekku, is among the oldest devices in South Indian weaving: a row of stepped spires running the length of the saree. Here it is worked in gold against a darkened crimson edge, while the body is left comparatively quiet so the border can do the speaking.",6.3 metres including blouse piece,47 inches,0.8 metre matching blouse piece attached,Half-fine gold zari,Approx. 680 g,Traditional Kanchipuram handloom technique,Dry clean only. Store folded in cotton muslin.,no,no
peacock-motif-heritage-silk,Peacock Motif Heritage Silk,24900,3,SKS-KAN-003,,kanchipuram,"kanchipuram, new-arrivals",Peacock Teal,green,#0E5B60,Korvai Silk,"Peacock plumes in fine zari open across a deep teal ground, met at the border by a contrast weave joined thread by thread.","Korvai is the technique of joining a contrast border to the body by interlocking the warp by hand — slow, exacting, and visible in the crispness of the seam. The plume motif is set at a generous interval so the teal is allowed to hold its depth rather than disappear under ornament.",6.3 metres including blouse piece,48 inches,0.8 metre contrast blouse piece attached,Fine gold zari,Approx. 820 g,Korvai — hand-interlocked contrast border,Dry clean only. Store folded in cotton muslin.,yes,yes
antique-gold-bridal-kanjivaram,Antique Gold Bridal Kanjivaram,32000,2,SKS-BRD-004,36500,bridal,"bridal, kanchipuram",Antique Gold,gold,#C9A24B,Korvai Silk,"An antique gold body against a wine border — the pairing South Indian brides have returned to for generations, cut with a contemporary restraint.","Mango buttas run the length of a warm gold ground, echoing in the wine border and gathering into a densely worked pallu. This is a saree with real weight to it, designed to hold its pleats through a long day and to photograph with depth rather than glare.",6.5 metres including blouse piece,48 inches,0.9 metre contrast blouse piece attached,"Fine gold zari, antique finish",Approx. 980 g,Korvai — hand-interlocked contrast border,"Dry clean only. Store folded in cotton muslin, refold every few months.",yes,no
emerald-temple-weave,Emerald Temple Weave,15900,5,SKS-KAN-005,,kanchipuram,"kanchipuram, festive",Emerald,green,#14603F,Pure Mulberry Silk,"A saturated emerald ground with stepped temple spires in gold — a clear, architectural saree that reads well in daylight.","Green silk is difficult to get right; too yellow and it flattens, too blue and it turns cold. This ground sits deliberately in the middle, so the gold reads warm against it. The temple motif repeats on both the body and the border, at two different scales.",6.3 metres including blouse piece,47 inches,0.8 metre contrast blouse piece attached,Half-fine gold zari,Approx. 720 g,Traditional Kanchipuram handloom technique,Dry clean only. Store folded in cotton muslin.,no,no
lotus-zari-kanchipuram,Lotus Zari Kanchipuram,18500,6,SKS-KAN-006,,kanchipuram,"kanchipuram, bridal",Ivory Gold,gold,#F2E6CE,Pure Mulberry Silk,"Eight-petal lotus buttas worked in deep gold across an ivory ground, bordered in warm antique brass.","An unusually quiet Kanchipuram. The ivory ground is left largely open, with the lotus set at a wide interval and the ornament concentrated at the border and pallu. It suits daytime ceremonies, and it suits being photographed without a flash.",6.3 metres including blouse piece,48 inches,0.8 metre contrast blouse piece attached,Half-fine gold zari,Approx. 700 g,Traditional Kanchipuram handloom technique,Dry clean only. Keep away from prolonged direct sunlight.,yes,no
maroon-bridal-heritage-silk,Maroon Bridal Heritage Silk,32000,2,SKS-BRD-007,,bridal,bridal,Maroon,maroon,#6E2038,Korvai Silk,Deep maroon carried by a heavy zari pallu — a bridal weave built for ceremony rather than for subtlety.,"The pallu runs nearly a metre, layered with broad zari courses and a closing row of mango motifs. Maroon holds gold better than almost any other ground, which is why it remains the default for South Indian bridal silk. Weighted, structured, and unhurried.",6.5 metres including blouse piece,48 inches,0.9 metre contrast blouse piece attached,Fine gold zari,"Approx. 1,020 g",Korvai — hand-interlocked contrast border,"Dry clean only. Store folded in cotton muslin, refold every few months.",no,no
royal-purple-zari-silk,Royal Purple Zari Silk,15900,5,SKS-FST-008,,festive,"festive, new-arrivals",Royal Purple,purple,#4A2A6B,Pure Mulberry Silk,"Faceted diamond buttas in gold across a deep violet ground, with a narrow, precisely drawn border.","Purple sits slightly outside the traditional Kanchipuram palette, which is exactly what makes it useful — it reads as festive without reading as bridal. The diamond butta keeps the surface geometric and the border deliberately narrow.",6.3 metres including blouse piece,47 inches,0.8 metre contrast blouse piece attached,Half-fine gold zari,Approx. 690 g,Traditional Kanchipuram handloom technique,Dry clean only. Store folded in cotton muslin.,no,yes
indigo-kolam-silk,Indigo Kolam Silk,8900,11,SKS-EVD-009,,everyday,everyday,Indigo,blue,#24356B,Silk Cotton,Kolam lattice-work in silver thread on indigo — a lighter weave for days that call for silk without ceremony.,"Kolam are the looped rice-flour patterns drawn at South Indian thresholds each morning. Rendered small and in silver rather than gold, the motif keeps this saree firmly in the register of everyday wear. Silk cotton means it drapes softly and sits comfortably through a full day.",6.3 metres including blouse piece,46 inches,0.8 metre matching blouse piece attached,Silver-tone zari,Approx. 480 g,Silk-cotton handloom,Dry clean recommended. Gentle hand wash acceptable for the first wash.,no,no
saffron-festive-silk,Saffron Festive Silk,12500,8,SKS-FST-010,,festive,festive,Saffron,saffron,#D98324,Pure Mulberry Silk,Warm saffron against a deep red border — a festival saree with genuine brightness to it.,"Saffron is the colour of the season that runs from Navaratri into Deepavali, and it is unforgiving in cheaper silk. On mulberry silk it holds its warmth under artificial light instead of turning orange. The contrast border keeps the whole thing anchored.",6.3 metres including blouse piece,47 inches,0.8 metre contrast blouse piece attached,Half-fine gold zari,Approx. 690 g,Traditional Kanchipuram handloom technique,Dry clean only. Store folded in cotton muslin.,no,no
rose-quartz-tissue-silk,Rose Quartz Tissue Silk,8900,9,SKS-EVD-011,,everyday,"everyday, new-arrivals",Rose Quartz,pink,#E8B7BE,Tissue Silk,"A pale rose tissue weave with a wine border — light in the hand, with a faint metallic ground that catches the light.","Tissue silk carries a fine metallic thread through the weft, so the ground has a low sheen rather than a printed shine. At this weight the saree drapes close and pleats easily, which makes it a practical choice for long evenings.",6.3 metres including blouse piece,46 inches,0.8 metre contrast blouse piece attached,Fine gold tissue weft,Approx. 450 g,Tissue silk handloom,Dry clean only. Handle gently — tissue weaves snag easily.,no,yes
midnight-blue-zari-kanjivaram,Midnight Blue Zari Kanjivaram,24900,3,SKS-BRD-012,,bridal,"bridal, kanchipuram",Midnight Blue,blue,#16264A,Korvai Silk,"Gold mango buttas across a near-black blue, with a heavily worked pallu — an evening saree with unusual depth.",The ground is pitched dark enough that the gold appears to float rather than sit on the surface. It is a difficult effect to achieve and it depends entirely on the density of the dye. Cut with a korvai border and a full zari pallu.,6.5 metres including blouse piece,48 inches,0.9 metre contrast blouse piece attached,Fine gold zari,Approx. 940 g,Korvai — hand-interlocked contrast border,Dry clean only. Store folded in cotton muslin.,yes,no
turmeric-gold-mangalagiri,Turmeric Gold Mangalagiri,6500,14,SKS-EVD-013,,everyday,everyday,Turmeric,saffron,#D9A62E,Silk Cotton,A turmeric silk-cotton weave with a fine gold edge — the most wearable saree in the collection.,"Light, breathable and easy to maintain, this is the weave to reach for when silk needs to be practical. The kolam motif is kept small and the border narrow, so it works as readily for an office day as for a family lunch.",6.3 metres including blouse piece,46 inches,0.8 metre matching blouse piece attached,Fine gold edge,Approx. 440 g,Silk-cotton handloom,"Gentle hand wash in cold water, or dry clean.",no,no
olive-korvai-silk,Olive Korvai Silk,18500,4,SKS-KAN-014,,kanchipuram,kanchipuram,Olive,green,#5B6034,Korvai Silk,A muted olive body joined to a wine border by hand — an understated weave for someone who already owns the obvious ones.,"Olive and wine is not a traditional pairing, and that is the point. The rudraksha motif — concentric rings named for the seed used in prayer beads — runs down the border, while the body is left almost bare. A second or third saree rather than a first.",6.3 metres including blouse piece,48 inches,0.8 metre contrast blouse piece attached,Half-fine gold zari,Approx. 780 g,Korvai — hand-interlocked contrast border,Dry clean only. Store folded in cotton muslin.,no,no
coral-mango-butta-silk,Coral Mango Butta Silk,12500,7,SKS-FST-015,,festive,"festive, new-arrivals",Coral,red,#E0644C,Pure Mulberry Silk,Mango buttas in pale gold on a soft coral ground — warm without tipping into red.,"The mango, or paisley, is the most widely travelled motif in Indian textile and one of the oldest. Worked here in a lighter gold so it sits gently on the coral rather than cutting against it.",6.3 metres including blouse piece,47 inches,0.8 metre contrast blouse piece attached,Half-fine gold zari,Approx. 670 g,Traditional Kanchipuram handloom technique,Dry clean only. Store folded in cotton muslin.,no,yes
pearl-ivory-wedding-silk,Pearl Ivory Wedding Silk,32000,2,SKS-BRD-016,,bridal,bridal,Pearl Ivory,neutral,#F7F1E3,Korvai Silk,"A pearl ivory ground with a full antique-gold border — bridal weight, in the lightest possible register.","An alternative to the red bridal saree, and an increasingly common one. The weight and the pallu are unchanged; only the ground shifts. Peacock plumes are worked in antique gold, which reads warmer against ivory than bright gold would.",6.5 metres including blouse piece,48 inches,0.9 metre contrast blouse piece attached,"Fine gold zari, antique finish",Approx. 950 g,Korvai — hand-interlocked contrast border,Dry clean only. Store folded in cotton muslin away from light.,yes,no
deep-teal-rudraksha-silk,Deep Teal Rudraksha Silk,15900,6,SKS-KAN-017,,kanchipuram,"kanchipuram, festive",Deep Teal,green,#0F4C55,Pure Mulberry Silk,"Concentric rudraksha rings in gold on deep teal, with a narrow stepped border.","The rudraksha motif is drawn from the seed used in prayer beads and appears throughout South Indian weaving, usually along borders. Bringing it onto the body at this scale gives the saree a quiet, repeating rhythm.",6.3 metres including blouse piece,47 inches,0.8 metre contrast blouse piece attached,Half-fine gold zari,Approx. 710 g,Traditional Kanchipuram handloom technique,Dry clean only. Store folded in cotton muslin.,no,no
blush-tissue-organza-drape,Blush Tissue Organza Drape,6500,10,SKS-EVD-018,,everyday,"everyday, new-arrivals",Blush,pink,#EBC9C4,Organza Silk,"A sheer blush organza with a terracotta edge — the lightest weave we carry, and the easiest to wear.","Organza holds its shape rather than falling close to the body, which gives the drape a soft structure through the pleats. Finished with a narrow terracotta border and small gold diamonds.",6.3 metres including blouse piece,45 inches,0.8 metre contrast blouse piece attached,Fine gold edge,Approx. 380 g,Organza silk,Dry clean only. Steam rather than iron directly.,no,yes
sandalwood-beige-silk-cotton,Sandalwood Beige Silk Cotton,6500,12,SKS-EVD-019,,everyday,everyday,Sandalwood,neutral,#D9C6A5,Silk Cotton,"A warm sandalwood neutral with a terracotta border — quiet, durable, and easy to return to.","Neutrals are underrepresented in South Indian silk and disproportionately useful. This one pairs with almost any blouse, takes a kolam motif in deep gold, and is light enough to wear through a working day.",6.3 metres including blouse piece,46 inches,0.8 metre contrast blouse piece attached,Antique gold edge,Approx. 460 g,Silk-cotton handloom,"Gentle hand wash in cold water, or dry clean.",no,no
wine-heritage-korvai-silk,Wine Heritage Korvai Silk,24900,3,SKS-BRD-020,,bridal,"bridal, kanchipuram",Wine,maroon,#58192C,Korvai Silk,"The house colour, worked as a full korvai weave with peacock plumes in antique gold.","If Sri Kanchi Silks had a single saree to stand for the rest, this would be it — a deep wine ground, a near-black border joined by hand, and a pallu closed with a run of peacock plumes. Traditional in every particular, and cut without excess.",6.5 metres including blouse piece,48 inches,0.9 metre contrast blouse piece attached,"Fine gold zari, antique finish",Approx. 900 g,Korvai — hand-interlocked contrast border,Dry clean only. Store folded in cotton muslin.,yes,no
